Altitud, superfície i població. Municipis
2021
"Font: Institut Cartogràfic de Catalunya; Idescat. Padró municipal d'habitants."
Nota: El Diari Oficial de la Generalitat de Catalunya (DOGC) va publicar el proppassat 2 de Juliol la Resolució PRE/2023/2021, de 29 de juny, per la qual es dona conformitat al canvi de  nom del municipi de Bigues i Riells, que passa a denominar-se Bigues i Riells del Fai.
Institut d'Estadística de Catalunya
https://www.idescat.cat/indicadors/?id=aec&n=15903&t=202100
Municipi;Comarca;Codi;Altitud (m);Superfície (km²);Població
Abella de la Conca;Pallars Jussà;250019;956;78,27;171
Abrera;Baix Llobregat;080018;105;19,94;12620
Àger;Noguera;250024;642;160,57;588
Agramunt;Urgell;250030;337;79,65;5464
Aguilar de Segarra;Bages;080023;480;43,32;286
Agullana;Alt Empordà;170010;166;27,73;885
Aiguafreda;Vallès Oriental;080142;404;7,90;2556
Aiguamúrcia;Alt Camp;430017;314;72,95;960
Aiguaviva;Gironès;170025;169;13,92;789
Aitona;Segrià;250387;110;66,90;2493
Alamús, els;Segrià;250045;212;20,53;773
Alàs i Cerc;Alt Urgell;250058;768;57,67;322
Albagés, l';Garrigues;250061;372;25,70;357
Albanyà;Alt Empordà;170031;239;94,39;178
Albatàrrec;Segrià;250077;147;10,46;2224
Albesa;Noguera;250083;237;37,61;1561
Albi, l';Garrigues;250096;526;32,54;749
Albinyana;Baix Penedès;430022;198;19,37;2504
Albiol, l';Baix Camp;430038;823;20,34;515
Albons;Baix Empordà;170046;25;11,13;798
Alcanar;Montsià;430043;72;47,07;9579
Alcanó;Segrià;250100;214;21,03;233
Alcarràs;Segrià;250117;137;114,29;9678
Alcoletge;Segrià;250122;213;16,70;3492
Alcover;Alt Camp;430056;243;46,00;5185
Aldea, l';Baix Ebre;439044;9;35,21;4160
Aldover;Baix Ebre;430069;14;20,20;911
Aleixar, l';Baix Camp;430075;262;26,10;912
Alella;Maresme;080039;90;9,58;9954
Alfara de Carles;Baix Ebre;430081;334;63,87;376
Alfarràs;Segrià;250138;281;11,40;2759
Alfés;Segrià;250143;236;31,94;301
Alforja;Baix Camp;430094;374;38,24;1843
Algerri;Noguera;250156;345;54,32;423
Alguaire;Segrià;250169;304;50,11;3065
Alins;Pallars Sobirà;250175;1048;183,19;279
Alió;Alt Camp;430108;263;7,25;478
Almacelles;Segrià;250194;247;49,03;6875
Almatret;Segrià;250208;462;56,83;310
Almenar;Segrià;250215;329;66,59;3365
Almoster;Baix Camp;430115;290;5,96;1322
Alòs de Balaguer;Noguera;250220;297;69,08;122
Alp;Cerdanya;170062;1158;44,29;1645
Alpens;Osona;080044;855;13,80;269
Alpicat;Segrià;250236;264;15,33;6274
Alt Àneu;Pallars Sobirà;250241;1076;217,76;430
Altafulla;Tarragonès;430120;52;6,95;5512
Amer;Selva;170078;186;40,08;2383
Ametlla de Mar, l';Baix Ebre;430136;19;66,86;7131
Ametlla del Vallès, l';Vallès Oriental;080057;281;14,24;8787
Ampolla, l';Baix Ebre;439060;8;35,65;3444
Amposta;Montsià;430141;8;138,31;21317
Anglès;Selva;170084;181;16,31;5709
Anglesola;Urgell;250273;335;23,53;1356
Arbeca;Garrigues;250292;332;58,34;2141
Arboç, l';Baix Penedès;430167;166;14,13;5625
Arbolí;Baix Camp;430154;714;20,78;126
Arbúcies;Selva;170097;291;86,22;6507
Arenys de Mar;Maresme;080060;10;6,75;15942
Arenys de Munt;Maresme;080076;121;21,29;9191
Argelaguer;Garrotxa;170101;183;12,54;417
Argençola;Anoia;080082;716;47,09;220
Argentera, l';Baix Camp;430173;344;10,12;126
Argentona;Maresme;080095;88;25,40;12629
Armentera, l';Alt Empordà;170118;7;5,60;998
Arnes;Terra Alta;430189;506;42,97;441
Arres;Val d'Aran;250313;1224;11,57;67
Arsèguel;Alt Urgell;250328;950;10,59;85
Artés;Bages;080109;316;17,87;5782
Artesa de Lleida;Segrià;250334;202;23,94;1525
Artesa de Segre;Noguera;250349;318;175,90;3441
Ascó;Ribera d'Ebre;430192;70;73,63;1611
Aspa;Segrià;250365;256;10,21;207
Avellanes i Santa Linya, les;Noguera;250371;567;102,96;447
Avià;Berguedà;080116;677;27,23;2199
Avinyó;Bages;080121;353;63,23;2286
Avinyonet de Puigventós;Alt Empordà;170123;70;12,30;1657
Avinyonet del Penedès;Alt Penedès;080137;280;29,13;1701
Badalona;Barcelonès;080155;6;21,18;223006
Badia del Vallès;Vallès Occidental;089045;120;0,93;13228
Bagà;Berguedà;080168;785;43,13;2145
Baix Pallars;Pallars Sobirà;250390;591;129,41;342
Balaguer;Noguera;250404;233;57,32;17409
Balenyà;Osona;080174;587;17,37;3900
Balsareny;Bages;080180;327;36,91;3278
Banyeres del Penedès;Baix Penedès;430206;173;12,19;3280
Banyoles;Pla de l'Estany;170157;172;11,05;20168
Barbens;Pla d'Urgell;250411;283;7,56;943
Barberà de la Conca;Conca de Barberà;430213;475;26,60;472
Barberà del Vallès;Vallès Occidental;082520;146;8,31;33016
Barcelona;Barcelonès;080193;9;101,35;1636732
Baronia de Rialb, la;Noguera;250426;388;145,08;229
Bàscara;Alt Empordà;170160;66;17,50;1015
Bassella;Alt Urgell;250447;423;70,25;224
Batea;Terra Alta;430228;376;128,41;1879
Bausen;Val d'Aran;250450;931;17,72;66
Begues;Baix Llobregat;080207;399;50,44;7356
Begur;Baix Empordà;170139;200;20,66;4039
Belianes;Urgell;250463;373;15,69;521
Bellaguarda;Garrigues;251706;640;17,14;292
Bellcaire d'Empordà;Baix Empordà;170182;35;12,64;699
Bellcaire d'Urgell;Noguera;250479;267;31,38;1225
Bell-lloc d'Urgell;Pla d'Urgell;250485;196;34,92;2329
Bellmunt d'Urgell;Noguera;250498;379;5,11;182
Bellmunt del Priorat;Priorat;430234;261;8,86;281
Bellprat;Anoia;080214;653;30,97;73
Bellpuig;Urgell;250501;308;34,98;5151
Bellvei;Baix Penedès;430249;108;8,27;2303
Bellver de Cerdanya;Cerdanya;250518;1061;98,15;2135
Bellvís;Pla d'Urgell;250523;207;46,70;2258
Benavent de Segrià;Segrià;250539;234;7,43;1533
Benifallet;Baix Ebre;430252;19;62,42;741
Benissanet;Ribera d'Ebre;430265;26;23,06;1129
Berga;Berguedà;080229;704;22,57;16682
Besalú;Garrotxa;170195;151;4,93;2502
Bescanó;Gironès;170209;102;35,92;5094
Beuda;Garrotxa;170216;338;35,91;187
Bigues i Riells del Fai;Vallès Oriental;080235;307;28,64;9542
Biosca;Segarra;250557;455;66,21;178
Bisbal d'Empordà, la;Baix Empordà;170221;39;20,62;11190
Bisbal de Falset, la;Priorat;430271;372;14,14;218
Bisbal del Penedès, la;Baix Penedès;430287;189;32,54;3830
Biure;Alt Empordà;172348;81;10,02;244
Blancafort;Conca de Barberà;430290;428;14,48;398
Blanes;Selva;170237;13;17,66;40274
Boadella i les Escaules;Alt Empordà;170293;82;10,78;271
Bolvir;Cerdanya;170242;1145;10,34;489
Bonastre;Baix Penedès;430304;177;24,97;727
Bòrdes, Es;Val d'Aran;250576;852;21,44;285
Bordils;Gironès;170255;42;7,32;1796
Borges Blanques, les;Garrigues;250582;304;61,55;6195
Borges del Camp, les;Baix Camp;430311;238;8,24;2104
Borrassà;Alt Empordà;170268;73;9,45;752
Borredà;Berguedà;080240;854;43,45;455
Bossòst;Val d'Aran;250595;710;28,17;1120
Bot;Terra Alta;430326;286;34,94;566
Botarell;Baix Camp;430332;196;11,95;1094
Bovera;Garrigues;250560;297;31,12;261
Bràfim;Alt Camp;430347;236;6,42;695
Breda;Selva;170274;169;5,02;3836
Bruc, el;Anoia;080253;489;47,20;2177
Brull, el;Osona;080266;843;41,03;275
Brunyola i Sant Martí Sapresa;Selva;170280;247;36,82;390
Cabacés;Priorat;430350;358;31,27;312
Cabanabona;Noguera;250609;421;14,16;60
Cabanelles;Alt Empordà;170314;194;55,58;266
Cabanes;Alt Empordà;170307;26;15,02;941
Cabanyes, les;Alt Penedès;080272;252;1,15;1005
Cabó;Alt Urgell;250616;768;80,33;94
Cabra del Camp;Alt Camp;430363;493;26,95;1230
Cabrera d'Anoia;Anoia;080288;299;17,00;1521
Cabrera de Mar;Maresme;080291;104;8,98;4787
Cabrils;Maresme;080305;147;7,05;7567
Cadaqués;Alt Empordà;170329;23;26,43;2820
Calaf;Anoia;080312;680;9,22;3597
Calafell;Baix Penedès;430379;67;20,38;28463
Calders;Moianès;080348;552;33,09;1063
Caldes d'Estrac;Maresme;080327;33;0,88;3097
Caldes de Malavella;Selva;170335;84;57,33;8051
Caldes de Montbui;Vallès Oriental;080333;203;37,45;17797
Calella;Maresme;080351;5;8,00;19236
Calldetenes;Osona;080370;489;5,80;2504
Callús;Bages;080386;260;12,50;2098
Calonge de Segarra;Anoia;080364;688;37,15;194
Calonge i Sant Antoni;Baix Empordà;170340;22;33,57;11484
Camarasa;Noguera;250621;321;157,13;807
Camarles;Baix Ebre;439039;13;25,16;3220
Cambrils;Baix Camp;430385;24;35,21;35064
Camós;Pla de l'Estany;170353;168;15,66;711
Campdevànol;Ripollès;170366;738;32,62;3225
Campelles;Ripollès;170372;1303;18,64;149
Campins;Vallès Oriental;080399;321;7,29;540
Campllong;Gironès;170388;113;8,59;533
Camprodon;Ripollès;170391;947;103,38;2435
Canejan;Val d'Aran;250637;906;48,32;89
Canet d'Adri;Gironès;170405;217;44,41;749
Canet de Mar;Maresme;080403;15;5,56;14810
Canonja, la;Tarragonès;439076;50;7,32;5933
Canovelles;Vallès Oriental;080410;175;6,66;16872
Cànoves i Samalús;Vallès Oriental;080425;346;29,19;3219
Cantallops;Alt Empordà;170412;200;19,62;305
Canyelles;Garraf;080431;142;14,23;4886
Capafonts;Baix Camp;430398;751;13,35;125
Capçanes;Priorat;430402;223;22,49;394
Capellades;Anoia;080446;317;2,94;5314
Capmany;Alt Empordà;170427;107;26,40;618
Capolat;Berguedà;080459;1279;34,13;84
Cardedeu;Vallès Oriental;080462;193;12,10;18609
Cardona;Bages;080478;507;66,70;4593
Carme;Anoia;080484;351;11,68;768
Caseres;Terra Alta;430419;324;42,90;226
Cassà de la Selva;Gironès;170448;137;45,21;10505
Casserres;Berguedà;080497;611;29,46;1636
Castell de l'Areny;Berguedà;080575;954;24,35;72
Castell de Mur;Pallars Jussà;259046;532;62,42;169
Castellar de la Ribera;Solsonès;250642;657;60,19;136
Castellar de n'Hug;Berguedà;080522;1395;47,12;167
Castellar del Riu;Berguedà;080500;920;32,74;171
Castellar del Vallès;Vallès Occidental;080517;331;44,91;24659
Castellbell i el Vilar;Bages;080538;178;28,47;3853
Castellbisbal;Vallès Occidental;080543;132;31,03;12610
Castellcir;Moianès;080556;773;34,18;753
Castelldans;Garrigues;250674;353;65,10;900
Castelldefels;Baix Llobregat;080569;3;12,87;67226
Castellet i la Gornal;Alt Penedès;080581;137;47,48;2452
Castellfollit de la Roca;Garrotxa;170464;296;0,73;939
Castellfollit de Riubregós;Anoia;080608;467;26,21;163
Castellfollit del Boix;Bages;080594;700;58,90;448
Castellgalí;Bages;080615;266;17,21;2179
Castellnou de Bages;Bages;080620;469;29,16;1420
Castellnou de Seana;Pla d'Urgell;250680;269;16,11;692
Castelló d'Empúries;Alt Empordà;170470;17;42,30;11154
Castelló de Farfanya;Noguera;250693;358;52,62;529
Castellolí;Anoia;080636;415;25,28;653
Castell-Platja d'Aro;Baix Empordà;170486;5;21,75;11455
Castellserà;Urgell;250707;267;15,84;976
Castellterçol;Moianès;080641;726;31,90;2632
Castellvell del Camp;Baix Camp;430424;219;5,21;2873
Castellví de la Marca;Alt Penedès;080654;198;28,40;1597
Castellví de Rosanes;Baix Llobregat;080667;178;16,38;1996
Catllar, el;Tarragonès;430430;59;26,43;4740
Cava;Alt Urgell;250714;1335;42,19;46
Cellera de Ter, la;Selva;171899;166;14,63;1973
Celrà;Gironès;170499;71;19,53;5606
Centelles;Osona;080673;496;15,18;7595
Cercs;Berguedà;082687;650;47,35;1190
Cerdanyola del Vallès;Vallès Occidental;082665;82;30,56;57217
Cervelló;Baix Llobregat;080689;122;24,10;9233
Cervera;Segarra;250729;548;55,19;9328
Cervià de les Garrigues;Garrigues;250735;444;34,20;665
Cervià de Ter;Gironès;170502;45;9,90;973
Cistella;Alt Empordà;170519;130;25,55;282
Ciutadilla;Urgell;250740;519;17,03;202
Clariana de Cardener;Solsonès;250753;500;40,78;158
Cogul, el;Garrigues;250766;279;17,51;143
Colera;Alt Empordà;170545;10;24,35;462
Coll de Nargó;Alt Urgell;250772;573;151,41;548
Collbató;Baix Llobregat;080692;388;18,07;4655
Colldejou;Baix Camp;430458;431;14,48;167
Collsuspina;Moianès;080706;901;15,06;387
Colomers;Baix Empordà;170558;41;4,35;188
Coma i la Pedra, la;Solsonès;251636;1004;60,62;277
Conca de Dalt;Pallars Jussà;251615;507;166,48;421
Conesa;Conca de Barberà;430461;705;29,02;106
Constantí;Tarragonès;430477;81;30,87;6724
Copons;Anoia;080713;432;18,66;322
Corbera d'Ebre;Terra Alta;430483;337;53,09;981
Corbera de Llobregat;Baix Llobregat;080728;342;18,41;15017
Corbins;Segrià;250788;211;21,01;1499
Corçà;Baix Empordà;170577;43;16,29;1275
Cornellà de Llobregat;Baix Llobregat;080734;27;6,99;89300
Cornellà del Terri;Pla de l'Estany;170561;96;27,71;2422
Cornudella de Montsant;Priorat;430496;533;63,50;965
Creixell;Tarragonès;430509;48;10,46;3912
Crespià;Pla de l'Estany;170583;138;11,38;270
Cruïlles, Monells i Sant Sadurní de l'Heura;Baix Empordà;179011;110;99,84;1327
Cubelles;Garraf;080749;12;13,49;16051
Cubells;Noguera;250791;499;39,17;357
Cunit;Baix Penedès;430516;10;9,74;14081
Darnius;Alt Empordà;170600;193;34,93;540
Das;Cerdanya;170617;1219;14,58;248
Deltebre;Baix Ebre;439018;6;107,44;11539
Dosrius;Maresme;080752;147;40,73;5685
Duesaigües;Baix Camp;430537;268;13,58;234
Escala, l';Alt Empordà;170622;14;16,31;10497
Esparreguera;Baix Llobregat;080765;187;27,40;22358
Espinelves;Osona;170638;752;17,43;239
Espluga Calba, l';Garrigues;250812;434;21,53;328
Espluga de Francolí, l';Conca de Barberà;430542;411;56,97;3717
Esplugues de Llobregat;Baix Llobregat;080771;110;4,60;46777
Espolla;Alt Empordà;170643;124;43,55;412
Esponellà;Pla de l'Estany;170656;142;16,06;469
Espot;Pallars Sobirà;250827;1318;97,30;366
Espunyola, l';Berguedà;080787;803;35,46;258
Esquirol, l';Osona;082541;693;61,80;2198
Estamariu;Alt Urgell;250886;1084;21,16;129
Estany, l';Moianès;080790;870;10,25;408
Estaràs;Segarra;250851;596;20,99;172
Esterri d'Àneu;Pallars Sobirà;250864;957;8,49;832
Esterri de Cardós;Pallars Sobirà;250870;1212;16,55;64
Falset;Priorat;430555;364;31,62;2724
Far d'Empordà, el;Alt Empordà;170059;44;9,00;619
Farrera;Pallars Sobirà;250899;1294;61,87;116
Fatarella, la;Terra Alta;430568;487;56,52;917
Febró, la;Baix Camp;430574;754;16,08;41
Figaró-Montmany;Vallès Oriental;081347;330;14,99;1127
Fígols;Berguedà;080804;1154;29,31;46
Fígols i Alinyà;Alt Urgell;259084;602;101,80;260
Figuera, la;Priorat;430580;576;18,69;117
Figueres;Alt Empordà;170669;39;19,30;47043
Figuerola del Camp;Alt Camp;430593;474;22,72;336
Flaçà;Gironès;170675;34;6,53;1147
Flix;Ribera d'Ebre;430607;47;116,90;3451
Floresta, la;Garrigues;250925;316;5,46;145
Fogars de la Selva;Selva;080826;45;32,12;1540
Fogars de Montclús;Vallès Oriental;080811;386;39,72;467
Foixà;Baix Empordà;170681;85;18,80;299
Folgueroles;Osona;080832;552;10,47;2269
Fondarella;Pla d'Urgell;250931;243;5,43;781
Fonollosa;Bages;080847;525;51,67;1495
Fontanals de Cerdanya;Cerdanya;170694;1180;28,65;506
Fontanilles;Baix Empordà;170708;29;9,28;157
Fontcoberta;Pla de l'Estany;170715;207;17,28;1468
Font-rubí;Alt Penedès;080850;319;37,42;1440
Foradada;Noguera;250946;455;28,55;195
Forallac;Baix Empordà;179026;51;50,63;1708
Forès;Conca de Barberà;430614;866;16,03;48
Fornells de la Selva;Gironès;170736;102;11,86;2700
Fortià;Alt Empordà;170741;8;10,76;793
Franqueses del Vallès, les;Vallès Oriental;080863;181;29,14;20351
Freginals;Montsià;430629;126;17,59;391
Fuliola, la;Urgell;250962;275;11,05;1247
Fulleda;Garrigues;250978;581;16,18;101
Gaià;Bages;080902;481;39,48;189
Galera, la;Montsià;430635;112;27,47;723
Gallifa;Vallès Occidental;080879;502;16,33;183
Gandesa;Terra Alta;430640;363;71,15;3098
Garcia;Ribera d'Ebre;430653;73;52,37;535
Garidells, els;Alt Camp;430666;132;3,07;198
Garriga, la;Vallès Oriental;080885;252;18,80;16733
Garrigàs;Alt Empordà;170754;101;19,89;464
Garrigoles;Baix Empordà;170767;92;9,40;170
Garriguella;Alt Empordà;170773;56;21,01;909
Gavà;Baix Llobregat;080898;9;30,75;46931
Gavet de la Conca;Pallars Jussà;250984;421;90,90;262
Gelida;Alt Penedès;080919;196;26,69;7723
Ger;Cerdanya;170789;1135;33,38;502
Gimenells i el Pla de la Font;Segrià;259123;258;55,84;1118
Ginestar;Ribera d'Ebre;430672;26;15,84;787
Girona;Gironès;170792;70;39,12;101932
Gironella;Berguedà;080924;469;6,78;4916
Gisclareny;Berguedà;080930;1340;36,47;27
Godall;Montsià;430688;168;33,62;614
Golmés;Pla d'Urgell;250997;275;16,62;1855
Gombrèn;Ripollès;170806;919;43,26;196
Gósol;Berguedà;251001;1423;56,29;232
Granada, la;Alt Penedès;080945;272;6,52;2207
Granadella, la;Garrigues;251018;528;88,70;705
Granera;Moianès;080958;782;23,73;85
Granja d'Escarp, la;Segrià;251023;78;38,51;931
Granollers;Vallès Oriental;080961;145;14,87;62475
Granyanella;Segarra;251039;508;24,35;145
Granyena de les Garrigues;Garrigues;251057;366;20,47;154
Granyena de Segarra;Segarra;251044;636;16,30;159
Gratallops;Priorat;430691;321;13,52;237
Gualba;Vallès Oriental;080977;177;23,29;1585
Gualta;Baix Empordà;170813;15;9,02;421
Guardiola de Berguedà;Berguedà;080996;720;61,73;929
Guiamets, els;Priorat;430705;226;12,14;276
Guils de Cerdanya;Cerdanya;170828;1385;22,02;588
Guimerà;Urgell;251095;555;25,76;263
Guingueta d'Àneu, la;Pallars Sobirà;259031;919;108,42;300
Guissona;Segarra;251109;484;18,10;7291
Guixers;Solsonès;251116;840;66,44;126
Gurb;Osona;081000;516;51,57;2705
Horta de Sant Joan;Terra Alta;430712;542;118,99;1138
Hospitalet de Llobregat, l';Barcelonès;081017;8;12,40;264657
Hostalets de Pierola, els;Anoia;081629;361;33,49;3064
Hostalric;Selva;170834;189;3,39;4332
Igualada;Anoia;081022;313;8,11;40875
Isona i Conca Dellà;Pallars Jussà;251155;659;139,37;1060
Isòvol;Cerdanya;170849;1088;10,81;314
Ivars d'Urgell;Pla d'Urgell;251137;265;24,32;1553
Ivars de Noguera;Noguera;251121;314;27,14;335
Ivorra;Segarra;251142;567;15,36;110
Jafre;Baix Empordà;170852;44;6,64;382
Jonquera, la;Alt Empordà;170865;110;56,93;3340
Jorba;Anoia;081038;380;30,90;825
Josa i Tuixén;Alt Urgell;259101;1206;68,16;100
Juià;Gironès;170871;94;8,36;327
Juncosa;Garrigues;251180;575;76,49;397
Juneda;Garrigues;251193;264;47,33;3569
Les;Val d'Aran;251214;634;23,45;966
Linyola;Pla d'Urgell;251229;248;28,66;2724
Llacuna, la;Anoia;081043;615;52,23;917
Lladó;Alt Empordà;170887;197;13,50;845
Lladorre;Pallars Sobirà;251235;1052;146,98;244
Lladurs;Solsonès;251240;834;128,03;187
Llagosta, la;Vallès Oriental;081056;45;3,03;13259
Llagostera;Gironès;170890;160;76,38;8851
Llambilles;Gironès;170904;143;14,58;730
Llanars;Ripollès;170911;983;24,73;535
Llançà;Alt Empordà;170926;4;27,98;4842
Llardecans;Segrià;251253;397;66,04;429
Llavorsí;Pallars Sobirà;251266;811;68,51;345
Lleida;Segrià;251207;155;212,30;140080
Llers;Alt Empordà;170932;142;21,28;1252
Lles de Cerdanya;Cerdanya;251272;1471;102,79;288
Lliçà d'Amunt;Vallès Oriental;081075;145;22,33;15673
Lliçà de Vall;Vallès Oriental;081081;125;10,83;6580
Llimiana;Pallars Jussà;251288;790;41,68;155
Llinars del Vallès;Vallès Oriental;081069;198;27,63;10116
Llívia;Cerdanya;170947;1224;12,93;1504
Lloar, el;Priorat;430727;219;6,64;111
Llobera;Solsonès;251291;855;39,23;187
Llorac;Conca de Barberà;430733;648;23,33;92
Llorenç del Penedès;Baix Penedès;430748;162;4,61;2381
Lloret de Mar;Selva;170950;5;48,71;38402
Llosses, les;Ripollès;170963;895;114,02;209
Lluçà;Osona;081094;745;52,98;271
Maçanet de Cabrenys;Alt Empordà;171024;370;67,91;729
Maçanet de la Selva;Selva;171030;100;45,58;7349
Madremanya;Gironès;170979;177;13,72;296
Maià de Montcal;Garrotxa;170985;241;17,29;469
Maials;Segrià;251333;395;57,08;926
Maldà;Urgell;251305;428;31,36;237
Malgrat de Mar;Maresme;081108;4;8,82;18950
Malla;Osona;081115;580;11,01;276
Manlleu;Osona;081120;461;17,23;20804
Manresa;Bages;081136;238;41,65;78192
Marçà;Priorat;430764;315;16,06;612
Margalef;Priorat;430751;379;34,66;104
Marganell;Bages;082423;291;13,53;271
Martorell;Baix Llobregat;081141;56;12,76;28667
Martorelles;Vallès Oriental;081154;96;3,61;4823
Mas de Barberans;Montsià;430770;348;78,80;572
Masarac;Alt Empordà;171002;85;12,55;284
Masdenverge;Montsià;430786;54;14,61;1109
Masies de Roda, les;Osona;081167;468;16,41;704
Masies de Voltregà, les;Osona;081173;533;22,35;3178
Masllorenç;Baix Penedès;430799;304;6,55;508
Masnou, el;Maresme;081189;27;3,39;23848
Masó, la;Alt Camp;430803;115;3,57;283
Maspujols;Baix Camp;430810;214;3,66;826
Masquefa;Anoia;081192;257;17,06;9623
Masroig, el;Priorat;430825;192;15,51;499
Massalcoreig;Segrià;251312;94;14,14;599
Massanes;Selva;171019;164;26,07;803
Massoteres;Segarra;251327;502;26,11;223
Matadepera;Vallès Occidental;081206;423;25,36;9672
Mataró;Maresme;081213;28;22,53;129120
Mediona;Alt Penedès;081228;430;47,55;2419
Menàrguens;Noguera;251348;205;20,25;789
Meranges;Cerdanya;170998;1539;37,34;97
Mieres;Garrotxa;171058;286;26,29;349
Milà, el;Alt Camp;430831;166;4,13;191
Miralcamp;Pla d'Urgell;251351;287;14,87;1366
Miravet;Ribera d'Ebre;430846;43;32,33;685
Moià;Moianès;081385;717;75,31;6474
Molar, el;Priorat;430859;228;22,81;298
Molins de Rei;Baix Llobregat;081234;37;15,94;26104
Mollerussa;Pla d'Urgell;251370;250;7,08;14545
Mollet de Peralada;Alt Empordà;171061;59;6,04;197
Mollet del Vallès;Vallès Oriental;081249;65;10,77;51151
Molló;Ripollès;171077;1182;43,09;347
Molsosa, la;Solsonès;251364;667;26,89;102
Monistrol de Calders;Moianès;081287;447;21,97;716
Monistrol de Montserrat;Bages;081271;161;11,77;3178
Montagut i Oix;Garrotxa;171096;276;93,70;951
Montblanc;Conca de Barberà;430862;350;91,07;7433
Montbrió del Camp;Baix Camp;430884;132;10,70;2985
Montcada i Reixac;Vallès Occidental;081252;36;23,47;36794
Montclar;Berguedà;081304;728;21,89;136
Montellà i Martinet;Cerdanya;251399;967;54,95;596
Montesquiu;Osona;081311;577;4,94;1048
Montferrer i Castellbò;Alt Urgell;251403;732;176,66;1081
Montferri;Alt Camp;430897;229;19,15;397
Montgai;Noguera;251386;286;28,94;655
Montgat;Maresme;081265;20;2,91;12260
Montmajor;Berguedà;081326;756;76,49;472
Montmaneu;Anoia;081332;709;13,62;158
Montmell, el;Baix Penedès;430901;429;72,80;1730
Montmeló;Vallès Oriental;081350;72;4,00;8798
Montoliu de Lleida;Segrià;251425;166;7,34;493
Montoliu de Segarra;Segarra;251410;689;29,47;191
Montornès de Segarra;Segarra;251431;605;12,32;91
Montornès del Vallès;Vallès Oriental;081363;116;10,23;16804
Mont-ral;Alt Camp;430918;888;34,72;169
Mont-ras;Baix Empordà;171100;88;12,31;1672
Mont-roig del Camp;Baix Camp;430923;120;63,32;12689
Montseny;Vallès Oriental;081379;528;26,77;362
Móra d'Ebre;Ribera d'Ebre;430939;38;45,12;5585
Móra la Nova;Ribera d'Ebre;430944;31;15,93;3120
Morell, el;Tarragonès;430957;104;5,94;3732
Morera de Montsant, la;Priorat;430960;743;52,88;163
Muntanyola;Osona;081290;807;40,30;655
Mura;Bages;081398;454;47,79;231
Nalec;Urgell;251459;487;9,25;88
Naut Aran;Val d'Aran;250254;1267;255,75;1941
Navarcles;Bages;081402;269;5,52;6068
Navàs;Bages;081419;370;80,62;5973
Navata;Alt Empordà;171117;145;18,48;1434
Navès;Solsonès;251462;610;145,27;293
Nou de Berguedà, la;Berguedà;081424;876;25,01;176
Nou de Gaià, la;Tarragonès;430976;93;4,32;616
Nulles;Alt Camp;430982;231;10,61;516
Odèn;Solsonès;251484;1130;114,38;253
Òdena;Anoia;081430;421;52,66;3681
Ogassa;Ripollès;171122;951;45,22;240
Olèrdola;Alt Penedès;081458;189;30,15;3847
Olesa de Bonesvalls;Alt Penedès;081461;265;30,79;1923
Olesa de Montserrat;Baix Llobregat;081477;124;16,63;24132
Oliana;Alt Urgell;251497;469;32,37;1857
Oliola;Noguera;251500;452;86,28;201
Olius;Solsonès;251517;742;54,84;962
Olivella;Garraf;081483;211;38,75;4127
Olost;Osona;081496;572;29,37;1190
Olot;Garrotxa;171143;443;29,03;36299
Oluges, les;Segarra;251522;528;18,95;169
Olvan;Berguedà;081445;553;35,58;874
Omellons, els;Garrigues;251538;385;11,06;202
Omells de na Gaia, els;Urgell;251543;560;13,48;127
Ordis;Alt Empordà;171156;98;8,55;369
Organyà;Alt Urgell;251556;558;12,53;766
Orís;Osona;081509;576;27,17;339
Oristà;Osona;081516;468;68,49;547
Orpí;Anoia;081521;375;15,23;154
Òrrius;Maresme;081537;259;5,66;779
Os de Balaguer;Noguera;251569;463;135,96;1000
Osor;Selva;171169;340;52,07;426
Ossó de Sió;Urgell;251575;391;26,29;196
Pacs del Penedès;Alt Penedès;081542;201;6,27;915
Palafolls;Maresme;081555;16;16,56;9646
Palafrugell;Baix Empordà;171175;64;26,88;23046
Palamós;Baix Empordà;171181;12;13,98;18196
Palau d'Anglesola, el;Pla d'Urgell;251581;250;12,27;2205
Palau de Santa Eulàlia;Alt Empordà;171194;86;8,44;111
Palau-sator;Baix Empordà;171215;20;12,39;323
Palau-saverdera;Alt Empordà;171208;78;16,45;1490
Palau-solità i Plegamans;Vallès Occidental;081568;130;14,93;14917
Pallaresos, els;Tarragonès;431009;120;5,13;4872
Pallejà;Baix Llobregat;081574;41;8,30;11636
Palma d'Ebre, la;Ribera d'Ebre;430995;335;37,92;334
Palma de Cervelló, la;Baix Llobregat;089058;100;5,46;3015
Palol de Revardit;Pla de l'Estany;171236;152;17,98;446
Pals;Baix Empordà;171241;55;25,83;2516
Papiol, el;Baix Llobregat;081580;135;8,95;4232
Pardines;Ripollès;171254;1226;31,05;166
Parets del Vallès;Vallès Oriental;081593;98;9,12;18907
Parlavà;Baix Empordà;171267;40;6,18;413
Passanant i Belltall;Conca de Barberà;431016;714;27,35;167
Pau;Alt Empordà;171289;33;10,70;588
Paüls;Baix Ebre;431021;378;43,83;563
Pedret i Marzà;Alt Empordà;171292;22;8,65;187
Penelles;Noguera;251641;276;25,51;443
Pera, la;Baix Empordà;171306;93;11,54;448
Perafita;Osona;081607;754;19,59;412
Perafort;Tarragonès;431037;125;9,54;1275
Peralada;Alt Empordà;171328;32;43,61;1945
Peramola;Alt Urgell;251654;566;56,17;348
Perelló, el;Baix Ebre;431042;142;100,67;2846
Piera;Anoia;081614;324;57,20;16411
Piles, les;Conca de Barberà;431055;676;22,39;218
Pineda de Mar;Maresme;081635;10;10,74;27974
Pinell de Brai, el;Terra Alta;431068;189;56,99;998
Pinell de Solsonès;Solsonès;251667;800;91,11;188
Pinós;Solsonès;251673;823;104,32;290
Pira;Conca de Barberà;431074;385;8,01;498
Pla de Santa Maria, el;Alt Camp;431080;381;34,99;2340
Pla del Penedès, el;Alt Penedès;081640;216;9,57;1306
Planes d'Hostoles, les;Garrotxa;171334;370;37,50;1711
Planoles;Ripollès;171349;1136;18,75;311
Plans de Sió, els;Segarra;259118;412;55,89;503
Poal, el;Pla d'Urgell;251689;216;8,88;667
Pobla de Cérvoles, la;Garrigues;251692;663;61,92;198
Pobla de Claramunt, la;Anoia;081653;265;18,54;2207
Pobla de Lillet, la;Berguedà;081666;843;51,45;1063
Pobla de Mafumet, la;Tarragonès;431093;98;6,21;4025
Pobla de Massaluca, la;Terra Alta;431107;357;43,40;341
Pobla de Montornès, la;Tarragonès;431114;56;12,29;2999
Pobla de Segur, la;Pallars Jussà;251713;524;32,83;3050
Poboleda;Priorat;431129;343;13,95;328
Polinyà;Vallès Occidental;081672;123;8,79;8494
Pont d'Armentera, el;Alt Camp;431135;349;21,67;493
Pont de Bar, el;Alt Urgell;250306;861;42,62;174
Pont de Molins;Alt Empordà;171352;43;8,66;518
Pont de Suert, el;Alta Ribagorça;251734;838;148,14;2331
Pont de Vilomara i Rocafort, el;Bages;081825;202;27,41;4016
Pontils;Conca de Barberà;431418;551;67,56;138
Pontons;Alt Penedès;081688;584;25,94;523
Pontós;Alt Empordà;171365;94;13,66;264
Ponts;Noguera;251728;363;30,52;2629
Porqueres;Pla de l'Estany;171371;148;33,52;4701
Porrera;Priorat;431140;316;28,83;428
Port de la Selva, el;Alt Empordà;171404;12;41,62;1010
Portbou;Alt Empordà;171387;28;9,22;1095
Portella, la;Segrià;251749;259;12,31;727
Pradell de la Teixeta;Priorat;431153;463;21,83;164
Prades;Baix Camp;431166;950;32,58;602
Prat de Comte;Terra Alta;431172;363;26,43;186
Prat de Llobregat, el;Baix Llobregat;081691;8;31,41;65532
Pratdip;Baix Camp;431188;245;36,27;680
Prats de Lluçanès;Osona;081712;707;13,78;2634
Prats de Rei, els;Anoia;081705;608;26,06;551
Prats i Sansor;Cerdanya;251752;1124;6,57;251
Preixana;Urgell;251765;328;21,52;391
Preixens;Noguera;251771;315;28,67;421
Premià de Dalt;Maresme;082303;142;6,57;10419
Premià de Mar;Maresme;081727;8;2,11;28523
Preses, les;Garrotxa;171390;474;9,39;1875
Prullans;Cerdanya;251790;1096;21,21;246
Puigcerdà;Cerdanya;171411;1202;18,92;9518
Puigdàlber;Alt Penedès;081748;239;0,40;551
Puiggròs;Garrigues;251804;334;9,90;265
Puigpelat;Alt Camp;431191;252;9,48;1196
Puig-reig;Berguedà;081751;455;45,75;4289
Puigverd d'Agramunt;Urgell;251811;366;17,00;230
Puigverd de Lleida;Segrià;251826;219;12,51;1384
Pujalt;Anoia;081764;770;31,43;206
Quar, la;Berguedà;081770;885;38,25;51
Quart;Gironès;171426;91;38,09;3856
Queralbs;Ripollès;170433;1236;93,47;191
Querol;Alt Camp;431205;565;72,26;544
Rabós;Alt Empordà;171432;106;45,10;206
Rajadell;Bages;081786;361;45,53;549
Rasquera;Ribera d'Ebre;431212;174;51,31;846
Regencós;Baix Empordà;171447;78;6,27;282
Rellinars;Vallès Occidental;081799;322;17,79;868
Renau;Tarragonès;431227;175;8,22;155
Reus;Baix Camp;431233;117;52,82;106084
Rialp;Pallars Sobirà;251832;725;63,30;658
Riba, la;Alt Camp;431248;263;7,99;575
Riba-roja d'Ebre;Ribera d'Ebre;431251;76;99,14;1117
Ribera d'Ondara;Segarra;259059;570;54,47;431
Ribera d'Urgellet;Alt Urgell;251850;702;106,96;947
Ribes de Freser;Ripollès;171450;912;41,87;1787
Riells i Viabrea;Selva;171463;96;26,98;4268
Riera de Gaià, la;Tarragonès;431264;28;8,76;1737
Riner;Solsonès;251863;830;47,10;281
Ripoll;Ripollès;171479;691;73,71;10721
Ripollet;Vallès Occidental;081803;79;4,33;39139
Riu de Cerdanya;Cerdanya;259139;1173;12,34;93
Riudarenes;Selva;171485;84;47,60;2283
Riudaura;Garrotxa;171498;572;23,60;511
Riudecanyes;Baix Camp;431270;195;17,10;1194
Riudecols;Baix Camp;431286;299;19,46;1225
Riudellots de la Selva;Selva;171501;98;13,12;2076
Riudoms;Baix Camp;431299;125;32,43;6617
Riumors;Alt Empordà;171518;7;6,54;244
Roca del Vallès, la;Vallès Oriental;081810;123;36,90;10676
Rocafort de Queralt;Conca de Barberà;431303;566;8,47;230
Roda de Berà;Tarragonès;431310;57;16,50;7127
Roda de Ter;Osona;081831;443;2,23;6449
Rodonyà;Alt Camp;431325;312;8,49;507
Roquetes;Baix Ebre;431331;14;136,92;8159
Roses;Alt Empordà;171523;5;45,91;19921
Rosselló;Segrià;251898;252;9,92;3186
Rourell, el;Alt Camp;431346;114;2,32;402
Rubí;Vallès Occidental;081846;123;32,30;78549
Rubió;Anoia;081859;629;48,00;236
Rupià;Baix Empordà;171539;66;5,29;296
Rupit i Pruit;Osona;089019;822;47,81;296
Sabadell;Vallès Occidental;081878;190;37,79;216204
Sagàs;Berguedà;081884;738;44,60;151
Salàs de Pallars;Pallars Jussà;251902;573;20,27;343
Saldes;Berguedà;081901;1215;66,40;283
Sales de Llierca;Garrotxa;171544;260;35,82;164
Sallent;Bages;081918;278;65,22;6717
Salomó;Tarragonès;431359;165;12,21;544
Salou;Tarragonès;439057;2;15,13;28512
Salt;Gironès;171557;83;6,64;32230
Sanaüja;Segarra;251919;409;32,99;396
Sant Adrià de Besòs;Barcelonès;081944;14;3,82;37283
Sant Agustí de Lluçanès;Osona;081957;816;13,22;92
Sant Andreu de la Barca;Baix Llobregat;081960;42;5,50;27175
Sant Andreu de Llavaneres;Maresme;081976;114;11,83;11150
Sant Andreu Salou;Gironès;171576;132;5,96;156
Sant Aniol de Finestres;Garrotxa;171833;289;47,73;353
Sant Antoni de Vilamajor;Vallès Oriental;081982;258;13,70;6383
Sant Bartomeu del Grau;Osona;081995;868;34,40;913
Sant Boi de Llobregat;Baix Llobregat;082009;30;21,47;83755
Sant Boi de Lluçanès;Osona;082016;813;19,53;573
Sant Carles de la Ràpita;Montsià;431362;11;53,72;14931
Sant Cebrià de Vallalta;Maresme;082037;71;15,68;3570
Sant Celoni;Vallès Oriental;082021;152;65,23;18176
Sant Climent de Llobregat;Baix Llobregat;082042;87;10,81;4193
Sant Climent Sescebes;Alt Empordà;171582;86;24,37;712
Sant Cugat del Vallès;Vallès Occidental;082055;124;48,23;94012
Sant Cugat Sesgarrigues;Alt Penedès;082068;266;6,24;1004
Sant Esteve de la Sarga;Pallars Jussà;251961;875;92,87;122
Sant Esteve de Palautordera;Vallès Oriental;082074;231;10,64;2997
Sant Esteve Sesrovires;Baix Llobregat;082080;183;18,56;7771
Sant Feliu de Buixalleu;Selva;171595;402;61,94;808
Sant Feliu de Codines;Vallès Oriental;082107;480;15,00;6406
Sant Feliu de Guíxols;Baix Empordà;171609;4;16,23;22210
Sant Feliu de Llobregat;Baix Llobregat;082114;25;11,82;45463
Sant Feliu de Pallerols;Garrotxa;171616;473;34,86;1456
Sant Feliu Sasserra;Bages;082129;617;22,36;617
Sant Ferriol;Garrotxa;171621;146;42,24;247
Sant Fost de Campsentelles;Vallès Oriental;082093;112;13,15;8997
Sant Fruitós de Bages;Bages;082135;247;22,20;8936
Sant Gregori;Gironès;171637;112;49,17;4012
Sant Guim de Freixenet;Segarra;251924;738;25,10;1059
Sant Guim de la Plana;Segarra;251977;556;12,45;184
Sant Hilari Sacalm;Selva;171642;803;83,28;5758
Sant Hipòlit de Voltregà;Osona;082153;536;0,92;3547
Sant Iscle de Vallalta;Maresme;081939;129;17,77;1438
Sant Jaume d'Enveja;Montsià;439023;7;60,79;3552
Sant Jaume de Frontanyà;Berguedà;082166;1072;21,26;28
Sant Jaume de Llierca;Garrotxa;171655;203;6,75;852
Sant Jaume dels Domenys;Baix Penedès;431378;213;24,45;2666
Sant Joan de les Abadesses;Ripollès;171674;773;53,67;3250
Sant Joan de Mollet;Gironès;171680;54;3,15;501
Sant Joan de Vilatorrada;Bages;082188;277;16,42;10871
Sant Joan Despí;Baix Llobregat;082172;10;6,17;34130
Sant Joan les Fonts;Garrotxa;171851;342;31,94;3050
Sant Jordi Desvalls;Gironès;171668;57;11,72;796
Sant Julià de Cerdanyola;Berguedà;089030;954;11,79;235
Sant Julià de Ramis;Gironès;171693;128;18,80;3612
Sant Julià de Vilatorta;Osona;082205;600;15,94;3152
Sant Julià del Llor i Bonmatí;Selva;179032;160;9,73;1314
Sant Just Desvern;Baix Llobregat;082212;122;7,81;19379
Sant Llorenç d'Hortons;Alt Penedès;082227;196;19,72;2459
Sant Llorenç de la Muga;Alt Empordà;171714;173;31,84;267
Sant Llorenç de Morunys;Solsonès;251930;925;4,34;985
Sant Llorenç Savall;Vallès Occidental;082233;466;41,11;2514
Sant Martí d'Albars;Osona;082251;629;14,73;107
Sant Martí de Centelles;Osona;082248;404;25,55;1186
Sant Martí de Llémena;Gironès;171729;256;43,13;663
Sant Martí de Riucorb;Urgell;259025;409;34,90;649
Sant Martí de Tous;Anoia;082264;465;39,21;1236
Sant Martí Sarroca;Alt Penedès;082270;291;35,27;3286
Sant Martí Sesgueioles;Anoia;082286;646;3,87;344
Sant Martí Vell;Gironès;171735;65;17,52;244
Sant Mateu de Bages;Bages;082299;569;102,92;614
Sant Miquel de Campmajor;Pla de l'Estany;171740;217;33,22;243
Sant Miquel de Fluvià;Alt Empordà;171753;28;3,51;755
Sant Mori;Alt Empordà;171766;51;7,53;157
Sant Pau de Segúries;Ripollès;171772;867;8,74;725
Sant Pere de Ribes;Garraf;082310;44;40,80;31525
Sant Pere de Riudebitlles;Alt Penedès;082325;246;5,38;2411
Sant Pere de Torelló;Osona;082331;621;55,13;2488
Sant Pere de Vilamajor;Vallès Oriental;082346;305;34,72;4671
Sant Pere Pescador;Alt Empordà;171788;5;18,45;2083
Sant Pere Sallavinera;Anoia;081897;588;22,02;159
Sant Pol de Mar;Maresme;082359;15;7,53;5538
Sant Quintí de Mediona;Alt Penedès;082362;326;13,84;2367
Sant Quirze de Besora;Osona;082378;587;8,10;2145
Sant Quirze del Vallès;Vallès Occidental;082384;188;14,07;20156
Sant Quirze Safaja;Moianès;082397;627;26,21;660
Sant Ramon;Segarra;251945;641;18,53;497
Sant Sadurní d'Anoia;Alt Penedès;082401;162;18,96;12840
Sant Sadurní d'Osormort;Osona;082418;531;30,60;76
Sant Salvador de Guardiola;Bages;080983;334;37,15;3243
Sant Vicenç de Castellet;Bages;082628;176;17,13;9868
Sant Vicenç de Montalt;Maresme;082649;143;8,05;6523
Sant Vicenç de Torelló;Osona;082652;555;6,56;2077
Sant Vicenç dels Horts;Baix Llobregat;082634;22;9,12;28115
Santa Bàrbara;Montsià;431384;79;28,15;3762
Santa Cecília de Voltregà;Osona;082439;519;8,63;179
Santa Coloma de Cervelló;Baix Llobregat;082444;73;7,49;8273
Santa Coloma de Farners;Selva;171805;142;70,64;13459
Santa Coloma de Gramenet;Barcelonès;082457;56;7,00;119289
Santa Coloma de Queralt;Conca de Barberà;431397;674;33,85;2702
Santa Cristina d'Aro;Baix Empordà;171812;30;67,55;5408
Santa Eugènia de Berga;Osona;082460;538;7,01;2259
Santa Eulàlia de Riuprimer;Osona;082476;568;13,82;1409
Santa Eulàlia de Ronçana;Vallès Oriental;082482;236;14,23;7538
Santa Fe del Penedès;Alt Penedès;082495;240;3,40;378
Santa Llogaia d'Àlguema;Alt Empordà;171827;42;1,94;378
Santa Margarida de Montbui;Anoia;082508;316;27,59;10192
Santa Margarida i els Monjos;Alt Penedès;082515;161;17,16;7664
Santa Maria d'Oló;Moianès;082589;542;66,21;1065
Santa Maria de Besora;Osona;082536;866;24,73;161
Santa Maria de Martorelles;Vallès Oriental;082567;181;4,51;882
Santa Maria de Merlès;Berguedà;082554;532;52,08;180
Santa Maria de Miralles;Anoia;082573;543;25,04;129
Santa Maria de Palautordera;Vallès Oriental;082592;208;16,94;9666
Santa Oliva;Baix Penedès;431401;101;9,65;3450
Santa Pau;Garrotxa;171848;496;49,01;1585
Santa Perpètua de Mogoda;Vallès Occidental;082606;74;15,83;26033
Santa Susanna;Maresme;082613;10;12,63;3650
Santpedor;Bages;081923;336;16,59;7566
Sarral;Conca de Barberà;431423;467;52,39;1549
Sarrià de Ter;Gironès;171864;70;4,16;5231
Sarroca de Bellera;Pallars Jussà;252017;1002;87,51;120
Sarroca de Lleida;Segrià;252000;201;42,18;357
Saus, Camallera i Llampaies;Alt Empordà;171870;86;11,36;865
Savallà del Comtat;Conca de Barberà;431439;825;14,80;53
Secuita, la;Tarragonès;431444;169;17,77;1728
Selva de Mar, la;Alt Empordà;171886;48;7,19;212
Selva del Camp, la;Baix Camp;431457;246;35,31;5694
Senan;Conca de Barberà;431460;652;11,70;42
Sénia, la;Montsià;430445;369;108,41;5530
Senterada;Pallars Jussà;252022;729;34,45;150
Sentiu de Sió, la;Noguera;250352;281;29,62;426
Sentmenat;Vallès Occidental;082671;207;28,80;9347
Serinyà;Pla de l'Estany;171903;188;17,38;1143
Seròs;Segrià;252043;103;85,75;1923
Serra de Daró;Baix Empordà;171910;15;7,91;235
Setcases;Ripollès;171925;1265;49,12;185
Seu d'Urgell, la;Alt Urgell;252038;691;15,45;12252
Seva;Osona;082690;663;30,40;3696
Sidamon;Pla d'Urgell;252056;232;8,12;755
Sils;Selva;171931;76;29,91;6349
Sitges;Garraf;082704;10;43,85;30217
Siurana;Alt Empordà;170524;33;10,53;179
Sobremunt;Osona;082711;881;13,79;78
Soleràs, el;Garrigues;252069;381;12,23;337
Solivella;Conca de Barberà;431476;489;21,37;640
Solsona;Solsonès;252075;664;17,70;9175
Sora;Osona;082726;716;31,73;211
Soriguera;Pallars Sobirà;252081;1258;106,39;431
Sort;Pallars Sobirà;252094;692;105,05;2181
Soses;Segrià;252108;118;30,16;1781
Subirats;Alt Penedès;082732;243;55,90;3149
Sudanell;Segrià;252115;152;8,69;844
Sunyer;Segrià;252120;211;12,66;334
Súria;Bages;082747;326;23,60;5923
Susqueda;Selva;171946;816;50,61;99
Tagamanent;Vallès Oriental;082763;354;43,31;325
Talamanca;Bages;082779;552;29,43;222
Talarn;Pallars Jussà;252154;572;27,95;489
Talavera;Segarra;252167;791;30,11;287
Tallada d'Empordà, la;Baix Empordà;171959;20;16,56;466
Taradell;Osona;082785;623;26,48;6687
Tarragona;Tarragonès;431482;68;57,88;135436
Tàrrega;Urgell;252173;373;88,36;17649
Tarrés;Garrigues;252189;578;13,01;105
Tarroja de Segarra;Segarra;252192;460;7,61;187
Tavèrnoles;Osona;082750;537;18,76;329
Tavertet;Osona;082802;869;32,49;113
Teià;Maresme;082819;128;6,63;6532
Térmens;Noguera;252206;208;27,54;1330
Terrades;Alt Empordà;171962;228;20,96;334
Terrassa;Vallès Occidental;082798;277;70,16;223011
Tiana;Maresme;082824;136;7,95;9009
Tírvia;Pallars Sobirà;252213;991;8,50;131
Tiurana;Noguera;252228;387;15,86;73
Tivenys;Baix Ebre;431495;13;53,54;900
Tivissa;Ribera d'Ebre;431508;309;209,43;1639
Tona;Osona;082830;596;16,54;8368
Torà;Segarra;252234;448;93,31;1209
Tordera;Maresme;082845;34;84,09;17788
Torelló;Osona;082858;508;13,48;14553
Torms, els;Garrigues;252249;476;13,75;145
Tornabous;Urgell;252252;289;24,17;826
Torre de Cabdella, la;Pallars Jussà;252271;1075;165,27;765
Torre de Claramunt, la;Anoia;082861;363;15,02;3852
Torre de Fontaubella, la;Priorat;431515;369;7,11;128
Torre de l'Espanyol, la;Ribera d'Ebre;431520;164;27,90;598
Torrebesses;Segrià;252265;287;27,45;298
Torredembarra;Tarragonès;431536;15;8,71;17057
Torrefarrera;Segrià;252287;214;23,49;4702
Torrefeta i Florejacs;Segarra;259078;475;88,91;602
Torregrossa;Pla d'Urgell;252304;232;40,52;2157
Torrelameu;Noguera;252311;201;10,93;759
Torrelavit;Alt Penedès;082877;202;23,65;1429
Torrelles de Foix;Alt Penedès;082883;367;36,72;2479
Torrelles de Llobregat;Baix Llobregat;082896;126;13,56;6126
Torrent;Baix Empordà;171978;44;7,96;160
Torres de Segre;Segrià;252326;119;50,61;2381
Torre-serona;Segrià;252332;197;5,89;383
Torroella de Fluvià;Alt Empordà;171984;9;16,85;726
Torroella de Montgrí;Baix Empordà;171997;31;65,93;12023
Torroja del Priorat;Priorat;431541;332;13,16;141
Tortellà;Garrotxa;172001;276;11,07;816
Tortosa;Baix Ebre;431554;12;218,51;33572
Toses;Ripollès;172018;1444;57,88;178
Tossa de Mar;Selva;172023;5;38,58;5930
Tremp;Pallars Jussà;252347;468;302,82;5893
Ullà;Baix Empordà;172044;21;7,29;1167
Ullastrell;Vallès Occidental;082900;342;7,31;2096
Ullastret;Baix Empordà;172057;49;11,09;258
Ulldecona;Montsià;431567;133;126,88;6317
Ulldemolins;Priorat;431573;650;38,17;400
Ultramort;Baix Empordà;172039;30;4,35;226
Urús;Cerdanya;172060;1263;17,42;210
Vacarisses;Vallès Occidental;082917;382;40,70;7082
Vajol, la;Alt Empordà;170144;546;4,71;88
Vall d'en Bas, la;Garrotxa;172076;510;90,67;3115
Vall de Bianya, la;Garrotxa;172082;367;93,62;1315
Vall de Boí, la;Alta Ribagorça;250432;1111;219,49;1060
Vall de Cardós;Pallars Sobirà;259010;898;56,20;382
Vallbona d'Anoia;Anoia;082922;289;6,45;1375
Vallbona de les Monges;Urgell;252385;481;34,14;236
Vallcebre;Berguedà;082938;1123;27,99;258
Vallclara;Conca de Barberà;431589;625;13,63;91
Vallfogona de Balaguer;Noguera;252402;235;26,97;1912
Vallfogona de Ripollès;Ripollès;171707;956;39,20;213
Vallfogona de Riucorb;Conca de Barberà;431592;573;10,94;77
Vallgorguina;Vallès Oriental;082943;222;22,13;3052
Vallirana;Baix Llobregat;082956;177;23,88;15438
Vall-llobrega;Baix Empordà;172095;49;5,45;918
Vallmoll;Alt Camp;431606;161;16,68;1793
Vallromanes;Vallès Oriental;082969;153;10,65;2594
Valls;Alt Camp;431613;215;55,28;24553
Valls d'Aguilar, les;Alt Urgell;259062;669;123,81;264
Valls de Valira, les;Alt Urgell;252398;740;171,25;800
Vandellòs i l'Hospitalet de l'Infant;Baix Camp;431628;281;102,67;6645
Vansa i Fórnols, la;Alt Urgell;259097;989;106,08;156
Veciana;Anoia;082975;564;38,90;179
Vendrell, el;Baix Penedès;431634;49;36,80;38891
Ventalló;Alt Empordà;172109;28;25,05;914
Verdú;Urgell;252424;434;35,79;880
Verges;Baix Empordà;172116;23;9,70;1183
Vespella de Gaià;Tarragonès;431649;191;18,04;458
Vic;Osona;082981;484;30,58;47319
Vidrà;Osona;172121;982;34,39;186
Vidreres;Selva;172137;93;48,05;8073
Vielha e Mijaran;Val d'Aran;252430;974;211,74;5674
Vilabella;Alt Camp;431652;254;18,19;705
Vilabertran;Alt Empordà;172142;19;2,29;969
Vilablareix;Gironès;172155;99;6,17;3225
Vilada;Berguedà;082994;757;22,34;424
Viladamat;Alt Empordà;172174;13;11,73;471
Viladasens;Gironès;172168;96;15,74;214
Viladecans;Baix Llobregat;083015;18;20,40;66707
Viladecavalls;Vallès Occidental;083008;274;20,09;7621
Vilademuls;Pla de l'Estany;172180;120;61,54;835
Viladrau;Osona;172207;821;50,73;1102
Vilafant;Alt Empordà;172214;54;8,36;5480
Vilafranca del Penedès;Alt Penedès;083054;223;19,65;39969
Vilagrassa;Urgell;252445;355;19,87;587
Vilajuïga;Alt Empordà;172235;31;13,13;1124
Vilalba dels Arcs;Terra Alta;431750;450;67,25;630
Vilalba Sasserra;Vallès Oriental;083067;200;6,05;758
Vilaller;Alta Ribagorça;252458;981;59,23;554
Vilallonga de Ter;Ripollès;172240;1067;64,20;386
Vilallonga del Camp;Tarragonès;431665;124;9,04;2385
Vilamacolum;Alt Empordà;172253;5;5,57;371
Vilamalla;Alt Empordà;172266;45;8,77;1154
Vilamaniscle;Alt Empordà;172272;169;5,46;205
Vilamòs;Val d'Aran;252477;1255;15,44;164
Vilanant;Alt Empordà;172288;98;16,87;399
Vilanova d'Escornalbou;Baix Camp;431671;226;17,16;582
Vilanova de Bellpuig;Pla d'Urgell;252483;290;13,98;1178
Vilanova de l'Aguda;Noguera;252496;409;53,68;194
Vilanova de la Barca;Segrià;252542;195;21,55;1127
Vilanova de Meià;Noguera;252509;633;105,24;427
Vilanova de Prades;Conca de Barberà;431687;893;21,51;108
Vilanova de Sau;Osona;083036;558;58,84;314
Vilanova de Segrià;Segrià;252516;255;8,51;1000
Vilanova del Camí;Anoia;083020;302;10,28;12736
Vilanova del Vallès;Vallès Oriental;089024;91;15,20;5535
Vilanova i la Geltrú;Garraf;083073;22;33,99;67458
Vilaplana;Baix Camp;431690;366;23,20;536
Vila-rodona;Alt Camp;431704;259;33,11;1299
Vila-sacra;Alt Empordà;172305;16;6,03;761
Vila-sana;Pla d'Urgell;252521;249;19,10;761
Vila-seca;Tarragonès;431711;45;21,64;22522
Vilassar de Dalt;Maresme;082140;142;8,86;9074
Vilassar de Mar;Maresme;082191;10;4,00;20936
Vilaür;Alt Empordà;172229;65;5,49;162
Vilaverd;Conca de Barberà;431726;269;12,61;445
Vilella Alta, la;Priorat;431732;327;5,15;131
Vilella Baixa, la;Priorat;431747;218;5,62;208
Vilobí d'Onyar;Selva;172333;122;32,59;3310
Vilobí del Penedès;Alt Penedès;083041;286;9,34;1128
Vilopriu;Baix Empordà;172327;82;16,38;230
Vilosell, el;Garrigues;252537;665;18,88;192
Vimbodí i Poblet;Conca de Barberà;431763;496;66,09;880
Vinaixa;Garrigues;252555;479;37,59;464
Vinebre;Ribera d'Ebre;431779;34;26,44;427
Vinyols i els Arcs;Baix Camp;431785;95;10,83;2193
Viver i Serrateix;Berguedà;083089;729;66,80;175
Xerta;Baix Ebre;430521;12;32,39;1159

